ref;nome na tabela;titulo;descricao amigavel
2800;APARADOR IPANEMA 1,60X0,45 MAD!;Aparador Ipanema;madeira
2801;APARADOR IPANEMA 1,80X0,45 MAD!;Aparador Ipanema;madeira
2802;APARADOR IPANEMA 2,00X0,45 MAD!;Aparador Ipanema;madeira
2803;APARADOR IPANEMA 2,00X0,50 MAD!;Aparador Ipanema;madeira
2804;APARADOR IPANEMA 2,20X0,45 MAD!;Aparador Ipanema;madeira
2805;APARADOR IPANEMA 2,20X0,50 MAD!;Aparador Ipanema;madeira
2501;BANQUETA CAPRI ENC TODO ESTOF.;Banqueta Capri;encosto todo estofado
2544;BANQUETA CAPRI ESTOF. + MAD.;Banqueta Capri;estofado e madeira
2527;BANQUETA CAPRI ENC. TODO MAD.;Banqueta Capri;encosto todo madeira
2308;BANQUETA CARIBE;Banqueta Caribe;
2309;BANQUETA CARIBE GIR;Banqueta Caribe;giratória
2430;BANQUETA HAVANA ENC TODO ESTOF;Banqueta Havana;encosto todo estofado
2431;BANQUETA HAVANA ESTOF + MAD;Banqueta Havana;estofado e madeira
2797;BANQUETA IBIZA ESTOF + MAD;Banqueta Ibiza;estofado e madeira
2798;BANQUETA IBIZA ENC TODO ESTOF;Banqueta Ibiza;encosto todo estofado
2678;BANQUETA IPANEMA ENC TODO ESTOF;Banqueta Ipanema;encosto todo estofado
2357;BANQUETA ITAPOÃ ESTOF+MAD;Banqueta Itapoã;estofado e madeira
2358;BANQUETA ITAPOÃ ENC TODO ESTOF;Banqueta Itapoã;encosto todo estofado
2598;BANQUETA MILÃO TODA MAD FIXA;Banqueta Milão;toda madeira fixa
2599;BANQUETA MILÃO TODA MAD GIR;Banqueta Milão;toda madeira giratória
2600;BANQUETA MILÃO ESTOF+MAD FIXA;Banqueta Milão;estofado e madeira fixa
2610;BANQUETA MILÃO ESTOF+MAD GIR;Banqueta Milão;estofado e madeira giratória
2611;BANQUETA MILÃO ASSENTO ESTOF FIXA;Banqueta Milão;assento estofado fixa
2612;BANQUETA MILÃO ASSENTO ESTOF GIR;Banqueta Milão;assento estofado giratória
1451;BANQUETA PERUIBE ESTOF+MAD.;Banqueta Peruíbe;estofado e madeira
1452;BANQUETA PERUIBE ESTOF+MAD. GIR;Banqueta Peruíbe;estofado e madeira giratória
1453;BANQUETA PERUIBE ENC TODO ESTOF.;Banqueta Peruíbe;encosto todo estofado
1454;BANQUETA PERUIBE ENC TODO ESTOF. GIR;Banqueta Peruíbe;encosto todo estofado giratória
2438;CADEIRA CAPRI ENC TODO ESTOF;Cadeira Capri;encosto todo estofado
2539;CADEIRA CAPRI ESTOF. + MAD.;Cadeira Capri;estofado e madeira
2525;CADEIRA CAPRI ENC TODO MAD;Cadeira Capri;encosto todo madeira
2361;CADEIRA HAVANA ENC TODO ESTOF;Cadeira Havana;encosto todo estofado
2362;CADEIRA HAVANA ESTOF + MAD;Cadeira Havana;estofado e madeira
2310;CADEIRA IBIZA ESTOF + MAD;Cadeira Ibiza;estofado e madeira
2311;CADEIRA IBIZA ENC TODO ESTOF;Cadeira Ibiza;encosto todo estofado
2674;CADEIRA IPANEMA ENC TODO ESTOF;Cadeira Ipanema;encosto todo estofado
1294;CADEIRA ITAPEMA ESTOF + MAD FIXA;Cadeira Itapema;estofado e madeira fixa
1295;CADEIRA ITAPEMA ESTOF + MAD GIR;Cadeira Itapema;estofado e madeira giratória
1427;CADEIRA ITAPEMA ENC TODO ESTOF FIXA;Cadeira Itapema;encosto todo estofado fixa
1428;CADEIRA ITAPEMA ENC TODO ESTOF GIR;Cadeira Itapema;encosto todo estofado giratória
2324;CADEIRA ITAPOÃ ESTOF + MAD;Cadeira Itapoã;estofado e madeira
2325;CADEIRA ITAPOÃ ENC TODO ESTOF;Cadeira Itapoã;encosto todo estofado
2568;CADEIRA MILÃO TODA MAD FIXA C.BASE;Cadeira Milão;toda madeira fixa com base
2569;CADEIRA MILÃO TODA MAD GIR C.BASE;Cadeira Milão;toda madeira giratória com base
2570;CADEIRA MILÃO ESTOF+MAD FIXA C.PES;Cadeira Milão;estofado e madeira fixa com pés
2571;CADEIRA MILÃO ESTOF+MAD GIR C.BASE;Cadeira Milão;estofado e madeira giratória com base
2572;CADEIRA MILÃO ASSENTO ESTOF. FIXA C.PES;Cadeira Milão;assento estofado fixa com pés
2573;CADEIRA MILÃO ASSENTO ESTOF. GIR C.BASE;Cadeira Milão;assento estofado giratória com base
2791;CADEIRA MONACO ENC ESTOF. + MAD.;Cadeira Mônaco;encosto estofado e madeira
2792;CADEIRA MONACO ENC TODO ESTOF;Cadeira Mônaco;encosto todo estofado
2776;CADEIRA MONTREAL;Cadeira Montreal;
2772;CADEIRA PARMA SEM BRACO ENC TODO ESTOF;Cadeira Parma;sem braço encosto todo estofado
2773;CADEIRA PARMA SEM BRACO ESTOF. + MAD.;Cadeira Parma;sem braço estofado e madeira
2780;CADEIRA PARMA COM BRAÇO ENC TODO ESTOF;Cadeira Parma;com braço encosto todo estofado
1912;MESA CARIBE 1,20 TP/VIDRO FIXO!;Mesa Caribe;tampo vidro fixo
1913;MESA CARIBE 1,40 TP/VIDRO FIXO!;Mesa Caribe;tampo vidro fixo
2645;MESA CARIBE 1,60 TP/VIDRO FIXO!;Mesa Caribe;tampo vidro fixo
2646;MESA CARIBE 1,80 TP/VIDRO FIXO!;Mesa Caribe;tampo vidro fixo
1914;MESA CARIBE 1,20 TP/MADEIRA FIXO!;Mesa Caribe;tampo madeira fixo
1915;MESA CARIBE 1,40 TP/MADEIRA FIXO!;Mesa Caribe;tampo madeira fixo
2647;MESA CARIBE 1,60 TP/MADEIRA FIXO!;Mesa Caribe;tampo madeira fixo
2648;MESA CARIBE 1,80 TP/MADEIRA FIXO!;Mesa Caribe;tampo madeira fixo
2315;MESA CARIBE 1,20 C/GIR VID!;Mesa Caribe;centro giratório vidro
2316;MESA CARIBE 1,40 C/GIR VID!;Mesa Caribe;centro giratório vidro
2649;MESA CARIBE 1,60 C/GIR VID!;Mesa Caribe;centro giratório vidro
2650;MESA CARIBE 1,80 C/GIR VID!;Mesa Caribe;centro giratório vidro
2317;MESA CARIBE 1,20 C/GIR VID NA BORDA!;Mesa Caribe;centro giratório vidro na borda
2318;MESA CARIBE 1,40 C/GIR VID NA BORDA!;Mesa Caribe;centro giratório vidro na borda
2651;MESA CARIBE 1,60 C/GIR VID NA BORDA!;Mesa Caribe;centro giratório vidro na borda
2652;MESA CARIBE 1,80 C/GIR VID NA BORDA!;Mesa Caribe;centro giratório vidro na borda
2319;MESA CARIBE 1,20 C/GIR VID NO CENTRO!;Mesa Caribe;centro giratório vidro no centro
2320;MESA CARIBE 1,40 C/GIR VID NO CENTRO!;Mesa Caribe;centro giratório vidro no centro
2653;MESA CARIBE 1,60 C/GIR VID NO CENTRO!;Mesa Caribe;centro giratório vidro no centro
2654;MESA CARIBE 1,80 C/GIR VID NO CENTRO!;Mesa Caribe;centro giratório vidro no centro
2313;MESA CARIBE 1,20 C/GIR MAD!;Mesa Caribe;centro giratório madeira
2314;MESA CARIBE 1,40 C/GIR MAD!;Mesa Caribe;centro giratório madeira
2655;MESA CARIBE 1,60 C/GIR MAD!;Mesa Caribe;centro giratório madeira
2656;MESA CARIBE 1,80 C/GIR MAD!;Mesa Caribe;centro giratório madeira
2000;MESA COPENHAGE 1,40X1,40 VID.!;Mesa Copenhague;vidro
2001;MESA COPENHAGE 1,40X0,90 VID.!;Mesa Copenhague;vidro
2002;MESA COPENHAGE 1,60X0,90 VID.!;Mesa Copenhague;vidro
2003;MESA COPENHAGE 1,80X1,00 VID.!;Mesa Copenhague;vidro
2004;MESA COPENHAGE 2,00X1,00 VID.!;Mesa Copenhague;vidro
2005;MESA COPENHAGE 2,20X1,00 VID.!;Mesa Copenhague;vidro
2006;MESA COPENHAGE 2,20X1,10 VID.!;Mesa Copenhague;vidro
2032;MESA COPENHAGE 1,50X1,50 VID.!;Mesa Copenhague;vidro
2012;MESA COPENHAGE 1,40X1,40 MAD.!;Mesa Copenhague;madeira
2013;MESA COPENHAGE 1,40X0,90 MAD.!;Mesa Copenhague;madeira
2014;MESA COPENHAGE 1,60X0,90 MAD.!;Mesa Copenhague;madeira
2015;MESA COPENHAGE 1,80X1,00 MAD.!;Mesa Copenhague;madeira
2016;MESA COPENHAGE 2,00X1,00 MAD.!;Mesa Copenhague;madeira
2017;MESA COPENHAGE 2,20X1,00 MAD.!;Mesa Copenhague;madeira
2018;MESA COPENHAGE 2,20X1,10 MAD.!;Mesa Copenhague;madeira
2031;MESA COPENHAGE 1,50X1,50 MAD.!;Mesa Copenhague;madeira
2363;MESA HAVANA 2,20X1,20 MAD!;Mesa Havana;madeira
2364;MESA HAVANA 2,50X1,30 MAD!;Mesa Havana;madeira
2436;MESA HAVANA 2,20X1,20 VID!;Mesa Havana;vidro
2437;MESA HAVANA 2,50X1,30 VID!;Mesa Havana;vidro
2719;MESA IPANEMA 1,50 QUADRADA MAD!;Mesa Ipanema;quadrada madeira
2720;MESA IPANEMA 1,50 REDONDA MAD!;Mesa Ipanema;redonda madeira
2695;MESA IPANEMA 1,60X0,90 MAD!;Mesa Ipanema;madeira
2696;MESA IPANEMA 1,80X1,00 MAD!;Mesa Ipanema;madeira
2697;MESA IPANEMA 2,00X1,00 MAD!;Mesa Ipanema;madeira
2698;MESA IPANEMA 2,20X1,00 MAD!;Mesa Ipanema;madeira
2699;MESA IPANEMA 2,20X1,10 MAD!;Mesa Ipanema;madeira
2700;MESA IPANEMA 2,40X1,20 MAD!;Mesa Ipanema;madeira
2701;MESA IPANEMA 2,60X1,20 MAD!;Mesa Ipanema;madeira
2702;MESA IPANEMA 2,80X1,20 MAD!;Mesa Ipanema;madeira
2703;MESA IPANEMA 3,00X1,20 MAD!;Mesa Ipanema;madeira
2704;MESA IPANEMA 3,20X1,20 MAD!;Mesa Ipanema;madeira
2746;MESA IPANEMA II 1,60X0,90 MAD!;Mesa Ipanema II;madeira
2747;MESA IPANEMA II 1,80X1,00 MAD!;Mesa Ipanema II;madeira
2748;MESA IPANEMA II 2,00X1,00 MAD!;Mesa Ipanema II;madeira
2749;MESA IPANEMA II 2,20X1,00 MAD!;Mesa Ipanema II;madeira
2750;MESA IPANEMA II 2,20X1,10 MAD!;Mesa Ipanema II;madeira
2751;MESA IPANEMA II 2,40X1,20 MAD!;Mesa Ipanema II;madeira
2752;MESA IPANEMA II 2,60X1,20 MAD!;Mesa Ipanema II;madeira
2753;MESA IPANEMA II 2,80X1,20 MAD!;Mesa Ipanema II;madeira
2754;MESA IPANEMA II 3,00X1,20 MAD!;Mesa Ipanema II;madeira
2755;MESA IPANEMA II 3,20X1,20 MAD!;Mesa Ipanema II;madeira
2756;MESA IPANEMA II 3,20X1,40 MAD!;Mesa Ipanema II;madeira
2509;MESA ITAPOÃ 2,40X1,20 VID.DET.MAD.!;Mesa Itapoã;vidro com detalhe madeira
2510;MESA ITAPOÃ 2,60X1,20 VID.DET.MAD.!;Mesa Itapoã;vidro com detalhe madeira
2511;MESA ITAPOÃ 2,80X1,20 VID.DET.MAD.!;Mesa Itapoã;vidro com detalhe madeira
2512;MESA ITAPOÃ 3,00X1,20 VID.DET.MAD.!;Mesa Itapoã;vidro com detalhe madeira
2508;MESA ITAPOÃ 3,20X1,20 VID.DET.MAD.!;Mesa Itapoã;vidro com detalhe madeira
2513;MESA ITAPOÃ 3,20X1,40VID.DET.MAD.!;Mesa Itapoã;vidro com detalhe madeira
2332;MESA ITAPOÃ 1,80X1,00 VID!;Mesa Itapoã;vidro
2333;MESA ITAPOÃ 2,00X1,00 VID!;Mesa Itapoã;vidro
2334;MESA ITAPOÃ 2,20X1,00 VID!;Mesa Itapoã;vidro
2335;MESA ITAPOÃ 2,20X1,10 VID!;Mesa Itapoã;vidro
2336;MESA ITAPOÃ 2,40X1,20 VID!;Mesa Itapoã;vidro
2337;MESA ITAPOÃ 2,60X1,20 VID!;Mesa Itapoã;vidro
2326;MESA ITAPOÃ 1,80X1,00 MAD!;Mesa Itapoã;madeira
2327;MESA ITAPOÃ 2,00X1,00 MAD!;Mesa Itapoã;madeira
2328;MESA ITAPOÃ 2,20X1,00 MAD!;Mesa Itapoã;madeira
2329;MESA ITAPOÃ 2,20X1,10 MAD!;Mesa Itapoã;madeira
2330;MESA ITAPOÃ 2,40X1,20 MAD!;Mesa Itapoã;madeira
2331;MESA ITAPOÃ 2,60X1,20 MAD!;Mesa Itapoã;madeira
1948;MESA MADRID 1,20X0,80 VID!;Mesa Madrid;vidro
1962;MESA MADRID 1,40X0,90 VID!;Mesa Madrid;vidro
1963;MESA MADRID 1,60X0,90 VID!;Mesa Madrid;vidro
1964;MESA MADRID 1,80X1,00 VID!;Mesa Madrid;vidro
1965;MESA MADRID 2,00X1,00 VID!;Mesa Madrid;vidro
1966;MESA MADRID 2,20X1,00 VID!;Mesa Madrid;vidro
2093;MESA MADRID 2,20X1,10 VID!;Mesa Madrid;vidro
1968;MESA MADRID 1,20X0,80 MAD!;Mesa Madrid;madeira
1969;MESA MADRID 1,40X0,90 MAD!;Mesa Madrid;madeira
1970;MESA MADRID 1,60X0,90 MAD!;Mesa Madrid;madeira
1971;MESA MADRID 1,80X1,00 MAD!;Mesa Madrid;madeira
1972;MESA MADRID 2,00X1,00 MAD!;Mesa Madrid;madeira
1973;MESA MADRID 2,20X1,00 MAD!;Mesa Madrid;madeira
2094;MESA MADRID 2,20X1,10 MAD!;Mesa Madrid;madeira
2387;MESA MILÃO 1,40X0,90 VID!;Mesa Milão;vidro
2388;MESA MILÃO 1,60X0,90 VID!;Mesa Milão;vidro
2389;MESA MILÃO 1,80X1,00 VID!;Mesa Milão;vidro
2390;MESA MILÃO 2,00X1,00 VID!;Mesa Milão;vidro
2391;MESA MILÃO 2,20X1,00 VID!;Mesa Milão;vidro
2392;MESA MILÃO 2,20X1,10 VID!;Mesa Milão;vidro
2393;MESA MILÃO 1,40X0,90 MAD!;Mesa Milão;madeira
2394;MESA MILÃO 1,60X0,90 MAD!;Mesa Milão;madeira
2395;MESA MILÃO 1,80X1,00 MAD!;Mesa Milão;madeira
2396;MESA MILÃO 2,00X1,00 MAD!;Mesa Milão;madeira
2397;MESA MILÃO 2,20X1,00 MAD!;Mesa Milão;madeira
2398;MESA MILÃO 2,20X1,10 MAD!;Mesa Milão;madeira
2757;MESA MONTREAL 1,60X0,90 MAD!;Mesa Montreal;madeira
2758;MESA MONTREAL 1,80X1,00 MAD!;Mesa Montreal;madeira
2759;MESA MONTREAL 2,00X1,00 MAD!;Mesa Montreal;madeira
2760;MESA MONTREAL 2,20X1,00 MAD!;Mesa Montreal;madeira
2761;MESA MONTREAL 2,20X1,10 MAD!;Mesa Montreal;madeira
2762;MESA MONTREAL 2,40X1,20 MAD!;Mesa Montreal;madeira
2763;MESA MONTREAL 2,60X1,20 MAD!;Mesa Montreal;madeira
2764;MESA MONTREAL 2,80X1,20 MAD!;Mesa Montreal;madeira
2765;MESA MONTREAL 3,00X1,20 MAD!;Mesa Montreal;madeira
2766;MESA MONTREAL 3,20X1,20 MAD!;Mesa Montreal;madeira
2767;MESA MONTREAL 3,20X1,40 MAD!;Mesa Montreal;madeira
1920;MESA NITERÓI 1,20 TP/VIDRO!;Mesa Niterói;tampo vidro
1921;MESA NITERÓI 1,40 TP/VIDRO!;Mesa Niterói;tampo vidro
1922;MESA NITERÓI 1,60 TP/VIDRO!;Mesa Niterói;tampo vidro
1923;MESA NITERÓI 1,80 TP/VIDRO!;Mesa Niterói;tampo vidro
1924;MESA NITERÓI 2,00 TP/VIDRO!;Mesa Niterói;tampo vidro
1925;MESA NITERÓI 1,40X1,40 TP/VIDRO!;Mesa Niterói;tampo vidro
1926;MESA NITERÓI 1,20 TP/MADEIRA!;Mesa Niterói;tampo madeira
1931;MESA NITERÓI 1,40 TP/MADEIRA!;Mesa Niterói;tampo madeira
1927;MESA NITERÓI 1,60 TP/MADEIRA!;Mesa Niterói;tampo madeira
1928;MESA NITERÓI 1,80 TP/MADEIRA!;Mesa Niterói;tampo madeira
1929;MESA NITERÓI 2,00 TP/MADEIRA!;Mesa Niterói;tampo madeira
1930;MESA NITERÓI 1,40X1,40 TP/MADEIRA!;Mesa Niterói;tampo madeira
2633;MESA PARATY 1,40 X 0,90 VID!;Mesa Paraty;vidro
2634;MESA PARATY 1,60 X 0,90 VID!;Mesa Paraty;vidro
2635;MESA PARATY 1,80 X 1,00 VID!;Mesa Paraty;vidro
2636;MESA PARATY 2,00 X 1,00 VID!;Mesa Paraty;vidro
2637;MESA PARATY 2,20 X 1,00 VID!;Mesa Paraty;vidro
2638;MESA PARATY 2,20 X 1,10 VID!;Mesa Paraty;vidro
2639;MESA PARATY 1,40 X 0,90 MAD!;Mesa Paraty;madeira
2640;MESA PARATY 1,60 X 0,90 MAD!;Mesa Paraty;madeira
2641;MESA PARATY 1,80 X 1,00 MAD!;Mesa Paraty;madeira
2642;MESA PARATY 2,00 X 1,00 MAD!;Mesa Paraty;madeira
2643;MESA PARATY 2,20 X 1,00 MAD!;Mesa Paraty;madeira
2644;MESA PARATY 2,20 X 1,10 MAD!;Mesa Paraty;madeira
2500;MESA TOSCANA 1,20 X 1,20 JOGOS!;Mesa Toscana;jogos
2672;MESA TOSCANA 1,40 X 1,40 JOGOS!;Mesa Toscana;jogos
2110;MESA ZARA 1,20X0,80 VID!;Mesa Zara;vidro
2111;MESA ZARA 1,40X0,90 VID!;Mesa Zara;vidro
2112;MESA ZARA 1,60X0,90 VID!;Mesa Zara;vidro
2113;MESA ZARA 1,80X1,00 VID!;Mesa Zara;vidro
2114;MESA ZARA 2,00X1,00 VID!;Mesa Zara;vidro
2115;MESA ZARA 2,20X1,00 VID!;Mesa Zara;vidro
2116;MESA ZARA 2,20X1,10 VID!;Mesa Zara;vidro
2117;MESA ZARA 1,20X1,20 VID!;Mesa Zara;vidro
2118;MESA ZARA 1,40X1,40 VID!;Mesa Zara;vidro
2119;MESA ZARA 1,20X0,80 MAD!;Mesa Zara;madeira
2120;MESA ZARA 1,40X0,90 MAD!;Mesa Zara;madeira
2121;MESA ZARA 1,60X0,90 MAD!;Mesa Zara;madeira
2122;MESA ZARA 1,80X1,00 MAD!;Mesa Zara;madeira
2123;MESA ZARA 2,00X1,00 MAD!;Mesa Zara;madeira
2124;MESA ZARA 2,20X1,00 MAD!;Mesa Zara;madeira
2125;MESA ZARA 2,20X1,10 MAD!;Mesa Zara;madeira
2126;MESA ZARA 1,20X1,20 MAD!;Mesa Zara;madeira
2127;MESA ZARA 1,40X1,40 MAD!;Mesa Zara;madeira
2582;POLTRONA CAPRI ENC. TODO ESTOF.;Poltrona Capri;encosto todo estofado
2583;POLTRONA CAPRI ENC ESTOF+MAD;Poltrona Capri;encosto estofado e madeira
2584;POLTRONA CAPRI ENC TODO MAD;Poltrona Capri;encosto todo madeira
1592;POLTRONA CARIBE GIRATÓRIA;Poltrona Caribe;giratória
1593;POLTRONA CARIBE;Poltrona Caribe;
2579;POLTRONA HAVANA ENC TODO ESTOF;Poltrona Havana;encosto todo estofado
2580;POLTRONA HAVANA ENC. ESTOF. + MAD.;Poltrona Havana;encosto estofado e madeira
2440;POLTRONA MONTREAL;Poltrona Montreal;
2787;POLTRONA PARMA COM BRAÇO ENC TODO ESTOF;Poltrona Parma;com braço encosto todo estofado
1447;POLTRONA PERUIBE MAD.;Poltrona Peruíbe;madeira
1448;POLTRONA PERUIBE MAD. GIR;Poltrona Peruíbe;madeira giratória
1449;POLTRONA PERUIBE ESTOF.;Poltrona Peruíbe;estofado
1450;POLTRONA PERUIBE ESTOF. GIR;Poltrona Peruíbe;estofado giratória
